,overall,quality,repeatability
overall,1.0,0.8259352331454309,0.5126000083900123
quality,0.8259352331454309,1.0,0.31212651153886395
repeatability,0.5126000083900123,0.31212651153886395,1.0
